id,label,created_at
03a3c124-f07d-43e7-8754-9941d691d1b0,2011,2026-03-22 17:12:57.122673+00
16a608c9-266b-4773-a52c-5ad9d27d4c09,1976,2026-03-22 17:12:57.122673+00
17f2e08a-6f5a-48d4-b377-91bb07abf2c4,1935,2026-03-22 17:12:57.122673+00
1a373543-1043-413e-94b2-008b3f56fedf,2017,2026-03-22 17:12:57.122673+00
2013ad4e-3d51-4c8f-b374-5e56ee48598e,1981,2026-03-22 17:12:57.122673+00
229edc07-7f2a-455a-b3bf-5f71ec781590,2008,2026-03-22 17:12:57.122673+00
23785aca-f253-44c6-8117-b83597a2ac99,2010,2026-03-22 17:12:57.122673+00
24245af0-2b88-426e-8697-a47dc04e53ac,1979,2026-03-22 17:12:57.122673+00
256d2553-82fc-433a-9f1e-8bdc70e686cf,1994,2026-03-22 17:12:57.122673+00
278ecd5c-35b3-4bb4-86b5-1b668621d592,2025,2026-03-22 17:12:57.122673+00
2900a40d-272d-4921-9b39-0ddb777fc6fe,2023,2026-03-22 17:12:57.122673+00
3c0e740e-589d-4d29-bd67-ffc1f134ba36,1990,2026-03-22 17:12:57.122673+00
4071f668-418a-46eb-a7ce-ec435f37b38f,"2005 ",2026-03-22 16:21:33.819827+00
4225cbdb-c5af-440d-9702-36e34592c3c2,1983,2026-03-22 17:12:57.122673+00
4b2b2c61-fbb2-4c82-b783-4d198d0c6b3a,1970,2026-03-22 17:12:57.122673+00
54408e93-2be9-409b-bffa-60ac3636cf25,2021,2026-03-22 17:12:57.122673+00
55da804f-b45d-403b-a0c0-4ca669569175,1966,2026-03-22 17:12:57.122673+00
60b25f36-f841-4ec1-911b-e8d2a2a70b59,1998,2026-03-22 17:12:57.122673+00
617426c1-b002-4218-b214-be5ce1d747b8,2016,2026-03-22 17:12:57.122673+00
689b21e0-598b-4b1e-b3ae-565055edf104,1954,2026-03-22 17:12:57.122673+00
7bbaa279-9acf-4e17-865e-98fc7f0efda5,2002,2026-03-22 17:12:57.122673+00
7cf3694d-021d-4487-b14c-2b36f977bad0,1977,2026-03-22 17:12:57.122673+00
7d4bc068-4d72-40d5-8027-0ea51a52be64,2013,2026-03-22 17:12:57.122673+00
7eee8fe4-f829-4fff-92f9-d82598bc6694,1989,2026-03-22 17:12:57.122673+00
80805be5-631e-48c0-902f-65551a30c852,2007,2026-03-22 17:12:57.122673+00
830a1a0f-60b1-4fa8-bdf6-0b8e1826d532,2003,2026-03-22 17:12:57.122673+00
89947bd9-810d-4346-beaa-79b510779dde,2012,2026-03-22 17:12:57.122673+00
8a0d99f1-d688-4100-80aa-3743d5b4ec97,2009,2026-03-22 17:12:57.122673+00
8ceb225e-840e-41ae-b3e6-5caf82ca0184,1962,2026-03-22 17:12:57.122673+00
949cf537-e005-4ef7-bbf9-1402f5c326e1,2018,2026-03-22 17:12:57.122673+00
9f4d679c-2707-4094-a3b8-908e71431956,1951,2026-03-22 17:12:57.122673+00
a3930dae-da18-472c-9107-8795ece42fdc,1995,2026-03-22 17:12:57.122673+00
a5f5e04c-4bec-438c-9714-86de2f9a2a9e,1985,2026-03-22 17:12:57.122673+00
ae813b17-de1c-4d66-b40e-17ef4ab29db3,1992,2026-03-22 17:12:57.122673+00
b48bf1ba-03bf-4f45-8d1d-d54abc5c98c4,2001,2026-03-22 17:12:57.122673+00
b5da0e28-9b26-440d-a2f2-52de95f858ab,2015,2026-03-22 17:12:57.122673+00
c91bf405-5972-4703-ac16-56e4e9a0c636,2014,2026-03-22 17:12:57.122673+00
cae00a8c-7301-4081-8442-679ed3300a3a,2000,2026-03-22 15:48:16.27031+00
d11cfbe3-6917-4a2a-90de-9388b37c70a6,2020,2026-03-22 15:49:41.981284+00
d2bcdc57-4295-45c4-9728-7c7df8641a8c,1980,2026-03-22 17:12:57.122673+00
d353cc2b-792b-48a0-97c8-a55e8bf9c515,1997,2026-03-22 16:18:39.367904+00
d4c72e96-6f21-475a-ae3c-a9c262362f01,2022,2026-03-22 17:12:57.122673+00
d80ecf2f-1dec-45d9-b00e-fde3905f0007,2004,2026-03-22 17:12:57.122673+00
e038608d-278c-4eea-a043-57771f923002,1999,2026-03-22 17:12:57.122673+00
e11fe533-c48e-456a-b689-696d326834a9,1972,2026-03-22 17:12:57.122673+00
e81b9e5b-2076-4a53-8e33-4efaf586410b,1993,2026-03-22 17:12:57.122673+00
ee691970-c68b-413b-b684-c21b65f4fbc9,1982,2026-03-22 16:24:28.621638+00
efed0442-6b8f-46fd-879f-66a0bbdb3e2b,1964,2026-03-22 17:12:57.122673+00
f9a64982-90ba-4de3-9f33-21818c5c8022,2006,2026-03-22 17:12:57.122673+00
fea085fe-763a-411b-9cbc-feea2812aa55,1996,2026-03-22 17:12:57.122673+00
fec1c7a2-2e9f-4b13-8de2-f26433b1fe33,2019,2026-03-22 17:12:57.122673+00